<?xml version="1.0" encoding="UTF-8"?>
<job id="customCheckPoint" xmlns="http://xmlns.jcp.org/xml/ns/javaee" xmlns:xsi="http://www.w3.org/2001/XMLSchema-instance"
    xsi:schemaLocation="http://xmlns.jcp.org/xml/ns/javaee http://xmlns.jcp.org/xml/ns/javaee/jobXML_1_0.xsd" version="1.0">
    <step id="firstChunkStep" >
        <chunk item-count="3" checkpoint-policy="custom">
            <reader ref="simpleChunkItemReader"/>
            <processor ref="simpleChunkItemProcessor"/>
            <writer ref="simpleChunkWriter"/>
            <checkpoint-algorithm ref="customCheckPoint"/>
        </chunk>    
    </step>
</job>