<?xml version="1.0" encoding="UTF-8"?>
<job id="injectSimpleBatchLet"
	xmlns="http://xmlns.jcp.org/xml/ns/javaee"
	xmlns:xsi="http://www.w3.org/2001/XMLSchema-instance"
	xsi:schemaLocation="http://xmlns.jcp.org/xml/ns/javaee http://xmlns.jcp.org/xml/ns/javaee/jobXML_1_0.xsd"
	version="1.0">
	<step id="firstStep">
		<properties>
			<property name="stepProp1" value="value1" />
		</properties>
		<batchlet ref="injectSimpleBatchLet">
			<properties>
				<property name="name" value="helloThere" />
			</properties>
		</batchlet>
	</step>
</job>	