<?xml version="1.0" encoding="UTF-8"?>
<job id="simpleErrorChunk"
	xmlns="http://xmlns.jcp.org/xml/ns/javaee"
	xmlns:xsi="http://www.w3.org/2001/XMLSchema-instance"
	xsi:schemaLocation="http://xmlns.jcp.org/xml/ns/javaee http://xmlns.jcp.org/xml/ns/javaee/jobXML_1_0.xsd"
	version="1.0">
    <step id="firstErrorChunkStep" >
        <chunk item-count="3">
            <reader ref="simpleChunkItemReaderError"/>
            <processor ref="simpleChunkItemProcessor"/>
            <writer ref="simpleChunkWriter"/>
        </chunk>    
    </step>
    <step id="firstErrorSkipChunkStep" >
        <chunk item-count="3" skip-limit="3">
            <reader ref="simpleChunkItemReaderError"/>
            <processor ref="simpleChunkItemProcessor"/>
            <writer ref="simpleChunkWriter"/>
            <skippable-exception-classes>
            	<include class="java.lang.RuntimeException"/>	
            </skippable-exception-classes>
        </chunk>    
    </step>
</job>	